{
  "version": 1,
  "blocks": [
    {
      "id": "news_recent",
      "file": "news_recent.php",
      "title": "Latest News",
      "position": "right",
      "weight": 10,
      "disabled": false,
      "cache_ttl": 60
    },
    {
      "id": "nukesecurity_threats",
      "file": "nukesecurity_threats.php",
      "title": "Recent Threats",
      "position": "right",
      "weight": 20,
      "disabled": false,
      "cache_ttl": 30
    },
    {
      "id": "messages_preview",
      "file": "messages_preview.php",
      "title": "Messages",
      "position": "right",
      "weight": 25,
      "disabled": false,
      "cache_ttl": 30
    },
    {
      "id": "forums_links",
      "file": "forums_links.php",
      "title": "Forums",
      "position": "right",
      "weight": 30,
      "disabled": false,
      "cache_ttl": 120
    },
    {
      "id": "mobile_toggle",
      "file": "mobile_toggle.php",
      "title": "Mobile",
      "position": "right",
      "weight": 40,
      "disabled": false,
      "cache_ttl": 0
    }
  ]
}